timestamp,frame,x,y,z,doppler,SNR
20:15:35.575029,1,0.024974236575468118,0.25021335239657894,1.9720970992463722,-1.4613200390303973,5.239999882876873
20:15:35.684632,3,0.05746434020468568,0.17867598961057457,2.169651838840759,3.548720094782766,5.879999868571758
20:15:35.794382,5,0.0886137340192066,0.16022887803498964,2.1745947274901236,2.7137600724818185,5.119999885559082
20:15:36.072674,10,0.1262297086792196,0.10706906280906994,1.808659250245862,2.4354400650481693,5.239999882876873
20:15:36.673867,21,-1.7627300277499396,1.0347000483121722,-1.7927021291770624,-0.06972000186215155,5.239999882876873
20:15:36.894656,25,1.9007501911114824,0.3833498484110784,1.071766674685346,0.27832000743364915,6.239999860525131
20:15:36.950367,26,1.9291085431296584,0.44305557288639896,1.0102467714710022,0.3480400092958007,4.999999888241291
20:15:36.950367,26,-1.9007501911114824,0.3833498484110784,1.071766674685346,0.3480400092958007,6.9999998435378075
20:15:37.171460,30,1.9051107578885884,0.5764788149452571,1.374134327786615,0.3480400092958007,6.6399998515844345
20:15:37.283263,32,1.7762990438943091,0.9954463259688369,-0.455336120172713,0.4872000130126253,7.759999826550484
20:15:37.283263,32,1.8791181755154782,0.9328712919545227,-0.4691391441846584,0.4872000130126253,9.879999779164791
20:15:37.283263,32,1.977381930335373,0.8146539291517204,-0.5689192759310583,0.4872000130126253,5.879999868571758
20:15:37.334725,33,2.021370106927826,0.9535889146083072,-0.6913695413355855,0.3480400092958007,5.119999885559082
20:15:37.334725,33,1.8962642868857957,0.8486314643082206,-0.5526589306067747,0.41748001115047373,8.51999980956316
20:15:37.334725,33,1.8585791573224706,0.8317663116472003,-0.455336120172713,0.41748001115047373,6.11999986320734
20:15:37.390304,34,1.8455992057434107,0.7284272742121506,1.3545234771877601,0.41748001115047373,5.359999880194664
20:15:37.390304,34,1.919106298711843,0.7136028603426985,1.3448454583328575,0.41748001115047373,16.519999630749226
20:15:37.390304,34,2.1109792383232726,0.707920455132906,1.2817548785377302,0.3480400092958007,5.759999871253967
20:15:37.390304,34,2.025030897830423,0.618635193285622,1.3566417594483817,0.41748001115047373,21.119999527931213
20:15:37.445237,35,1.8737831119137596,0.9536958981047604,-0.44813668111054583,0.41748001115047373,11.999999731779099
20:15:37.445237,35,1.9289136070078612,0.9817555634403232,-0.46132177011170505,0.41748001115047373,17.999999597668648
20:15:37.445237,35,2.0090491640565644,0.9477764636873752,-0.49674519220854924,0.4872000130126253,11.239999748766422
20:15:37.505944,36,1.8722586774860388,1.2287768903996503,-0.40751607685639957,0.4872000130126253,19.759999558329582
20:15:37.505944,36,1.843761387176232,1.157991774647971,-0.3961924560497363,0.4872000130126253,23.519999474287033
20:15:37.505944,36,1.8964581371712146,1.1910884668063462,-0.40751607685639957,0.4872000130126253,21.99999950826168
20:15:37.505944,36,1.8132028375270093,1.08885120707766,-0.384868835243073,0.4872000130126253,11.359999746084213
20:15:37.505944,36,1.8665509382241057,1.1208874154031219,-0.3961924560497363,0.4872000130126253,25.119999438524246
20:15:37.505944,36,1.9198990389212023,1.152923623728584,-0.40751607685639957,0.4872000130126253,23.519999474287033
20:15:37.505944,36,1.888593893817078,1.0833347161571198,-0.3961924560497363,0.4872000130126253,25.359999433159828
20:15:37.505944,36,1.9425720066882621,1.114297626594055,-0.40751607685639957,0.4872000130126253,23.759999468922615
20:15:37.505944,36,1.9916854125045467,1.1161498584251588,-0.5105482162204946,0.41748001115047373,14.239999681711197
20:15:37.505944,36,2.0454955681431617,1.0410920669133366,-0.7099873148359668,0.41748001115047373,10.119999773800373
20:15:37.505944,36,1.964467971587995,1.075225925285916,-0.40751607685639957,0.4872000130126253,22.759999491274357
20:15:37.554227,37,0.07112155906253496,0.19511870427405603,2.144497132011181,3.270400087349117,5.119999885559082
20:15:37.554227,37,1.8625008886609908,0.9310175639007712,1.2505560723640534,0.5566400148672983,11.119999751448631
20:15:37.554227,37,1.9378388203519872,0.9204031931240926,1.2391102424646334,0.5566400148672983,10.519999764859676
20:15:37.610453,38,2.030467901543116,1.0405574026054756,1.0649256538928293,0.4872000130126253,5.999999865889549
20:15:37.610453,38,1.9232966176278938,1.0159379126960175,1.3290940208446504,0.5566400148672983,8.51999980956316
20:15:37.610453,38,2.051654492953427,1.0764899763238127,1.364476616693328,0.4872000130126253,5.119999885559082
20:15:37.610453,38,2.0645802435128564,0.9305058708000854,1.4126942768584598,0.4872000130126253,6.9999998435378075
20:15:37.665101,39,0.03212812292341609,0.18692208038156696,2.167442305477958,-2.7832000743364915,4.999999888241291
20:15:37.665101,39,1.8489504594990913,1.1739793528968905,1.3799441702650204,0.5566400148672983,6.8799998462200165
20:15:37.665101,39,1.9201791270646136,1.2106228358840685,1.4338151899306806,0.4872000130126253,10.239999771118164
20:15:37.665101,39,1.9737671662247789,1.2506579405581233,1.441336695707419,0.4872000130126253,7.879999823868275
20:15:37.720235,40,-0.11901477617986801,0.21749095816959602,1.9495800411954172,0.4872000130126253,5.239999882876873
20:15:37.720235,40,1.9006073985357463,1.2825724317006006,1.5352847710644428,0.4872000130126253,5.239999882876873
20:15:37.775166,41,0.10333169082492986,0.13592619834715286,-0.18669664259080943,4.383680117083713,6.239999860525131
20:15:37.829957,42,1.8088771860548132,1.3547793963824222,1.3951885559614983,0.4872000130126253,8.239999815821648
20:15:37.829957,42,1.8807775405982994,1.331654675514498,1.3207515430473353,0.4872000130126253,13.759999692440033
20:15:37.829957,42,1.9276722035061304,1.3584216646906995,1.279795795075812,0.41748001115047373,11.879999734461308
20:15:37.829957,42,2.0021044696907184,1.1856489655270672,1.0092145385799463,0.41748001115047373,6.239999860525131
20:15:37.885356,43,1.9702844174793421,1.2509033134418666,0.871735440820187,0.41748001115047373,6.359999857842922
20:15:37.885356,43,1.8511617061067211,1.367703641354261,1.3110922517625936,0.5566400148672983,7.239999838173389
20:15:37.885356,43,1.9444506269258823,1.2619007208482125,0.9887829423201899,0.41748001115047373,6.11999986320734
20:15:37.885356,43,1.9334756062368441,1.3141320551164712,1.2160021289160658,0.5566400148672983,6.9999998435378075
20:15:37.940442,44,1.8984899731356422,1.6344371512073168,-0.6664170777371378,0.4872000130126253,5.999999865889549
20:15:37.940442,44,1.8692914113930248,1.6421310406847454,-0.45276580268855987,0.4872000130126253,6.7599998489022255
20:15:37.940442,44,1.8133478869789876,1.5611371123791489,-0.21593321989105377,0.6263600167294499,6.359999857842922
20:15:37.940442,44,1.8610874307256768,1.6022367678871536,-0.22161803827112,0.6263600167294499,7.999999821186066
20:15:37.998106,45,1.7618025030539888,1.5477619361313708,0.895352712338215,0.7655200204462744,6.359999857842922
20:15:37.998106,45,1.8409141129151536,1.5503108205764606,0.8778357926100797,0.7655200204462744,5.879999868571758
20:15:38.051693,46,1.9029724478559855,1.568943379018976,0.8560092654230087,0.974120026017772,6.239999860525131
20:15:38.051693,46,1.8947613164482795,1.557743287340859,0.9826523090362018,0.7655200204462744,10.759999759495258
20:15:38.051693,46,1.8793199842893145,1.6068394465590152,1.221550200413863,0.7655200204462744,10.359999768435955
20:15:38.051693,46,1.8457405359608845,1.6242995678872636,1.4077716696709082,0.6263600167294499,5.759999871253967
20:15:38.051693,46,3.1982955355618703,1.4115949207238108,1.4385579278016531,0.4872000130126253,4.999999888241291
20:15:38.105676,47,1.86568157396691,1.8055245910737003,1.0005811934910134,0.5566400148672983,6.359999857842922
20:15:38.105676,47,1.8329886067513301,1.7368173565712959,1.1782341225712702,0.5566400148672983,18.519999586045742
20:15:38.105676,47,1.884478462922927,1.7209779474821654,1.0626750340867894,0.5566400148672983,16.239999637007713
20:15:38.105676,47,1.7713952610283874,1.67077953406111,1.3169947398877375,0.6263600167294499,6.5199998542666435
20:15:38.105676,47,1.815697653381114,1.7125655386199734,1.2999128566524267,0.6263600167294499,12.11999972909689
20:15:38.160736,48,1.797253103879977,1.7300148958692452,1.2952373154690422,0.6263600167294499,9.359999790787697
20:15:38.160736,48,1.8741003580464346,1.7686756953546827,1.1333187452723223,0.6958000185841229,27.519999384880066
20:15:38.160736,48,1.867887183587293,1.6918037006534783,1.1630539875719452,0.6263600167294499,22.359999500215054
20:15:38.160736,48,1.9312300724306872,1.7135365569843972,1.1480932328699884,0.6958000185841229,29.35999934375286
20:15:38.160736,48,1.9761589191732125,1.7534009017124021,1.128274160494458,0.6958000185841229,19.63999956101179
20:15:38.160736,48,2.031071549253689,1.7430461425194375,1.0346053457851552,0.6958000185841229,5.239999882876873
20:15:38.216235,49,1.750908498390316,1.921424622538481,1.4576645226051328,0.6958000185841229,31.63999929279089
20:15:38.216235,49,1.790482074110536,1.8872162768677798,1.4668306212020017,0.6958000185841229,35.11999921500683
20:15:38.216235,49,1.7235197135704363,1.7739413482460729,1.472313068676803,0.8349600223009475,7.759999826550484
20:15:38.216235,49,1.7666247439711205,1.8183074179481546,1.4591156790341804,0.6958000185841229,26.239999413490295
20:15:38.216235,49,1.8100012768138494,1.869827133067779,1.4714900282402807,0.6958000185841229,37.35999916493893
20:15:38.216235,49,1.8293394809059018,1.8522503208442358,1.4761997208810924,0.6958000185841229,37.75999915599823
20:15:38.216235,49,1.8721624452754797,1.9237500782434818,1.5689597702965277,0.6958000185841229,32.87999926507473
20:15:38.216235,49,1.9556430332032468,1.9311091943955287,1.5689520430160877,0.6958000185841229,13.999999687075615
20:15:38.272006,50,1.7308580826978266,1.9382404036032743,1.4531587476487227,0.8349600223009475,23.519999474287033
20:15:38.272006,50,1.7720845085048826,1.9844063631317654,1.4401338147881622,0.8349600223009475,26.119999416172504
20:15:38.272006,50,1.750908498390316,1.921424622538481,1.4576645226051328,0.6958000185841229,26.359999410808086
20:15:38.272006,50,1.7926124948215671,1.9671900555550728,1.4447469104999828,0.6958000185841229,30.119999326765537
20:15:38.272006,50,1.790482074110536,1.8872162768677798,1.4668306212020017,0.6958000185841229,28.519999362528324
20:15:38.272006,50,1.8331286533564373,1.9321669187476094,1.4541313317239473,0.6958000185841229,33.639999248087406
20:15:38.272006,50,1.7666247439711205,1.8183074179481546,1.4591156790341804,0.8349600223009475,10.119999773800373
20:15:38.272006,50,1.8100012768138494,1.869827133067779,1.4714900282402807,0.6958000185841229,29.23999934643507
20:15:38.272006,50,1.8531127739927145,1.9143635918011763,1.4589017188018314,0.6958000185841229,35.759999200701714
20:15:38.272006,50,1.8293394809059018,1.8522503208442358,1.4761997208810924,0.6958000185841229,28.359999366104603
20:15:38.272006,50,1.8729115849041316,1.8963681264527454,1.4637235892093656,0.6958000185841229,35.879999198019505
20:15:38.272006,50,1.96867696382107,1.7903996134357045,0.9929108441375187,0.8349600223009475,11.999999731779099
20:15:38.272006,50,1.9467489355516117,1.8289435870693298,1.2224019853021826,0.8349600223009475,21.639999516308308
20:15:38.325672,51,1.7922959357117256,1.824840817903283,0.7537738569298198,0.8349600223009475,7.35999983549118
20:15:38.325672,51,1.8125856341477933,2.0585552648954812,1.5348029713471054,0.8349600223009475,8.999999798834324
20:15:38.325672,51,1.892841316594334,1.8787532812208827,0.8394781725049478,0.8349600223009475,9.239999793469906
20:15:38.325672,51,1.790482074110536,1.8872162768677798,1.4668306212020017,0.8349600223009475,12.879999712109566
20:15:38.325672,51,1.8331286533564373,1.9321669187476094,1.4541313317239473,0.8349600223009475,21.359999522566795
20:15:38.381931,52,1.7056058469423852,2.115565343366651,1.4043350706670417,0.974120026017772,23.519999474287033
20:15:38.381931,52,1.727496686906098,2.0989845935554037,1.4087778691888677,0.974120026017772,27.239999391138554
20:15:38.381931,52,1.7597094745670143,2.079272034608776,1.1781127189576202,0.974120026017772,25.239999435842037
20:15:38.381931,52,1.8024813433651785,2.0256627582486484,0.9478001852014037,0.974120026017772,16.359999634325504
20:15:38.381931,52,1.8460363337152992,1.9926442981657366,0.7946712245122192,0.5566400148672983,6.8799998462200165
20:15:38.381931,52,1.7492147786484187,2.0821932270267633,1.413277102290032,0.974120026017772,30.35999932140112
20:15:38.381931,52,1.7921240477968217,2.047985381201228,1.4224430669537926,0.974120026017772,32.239999279379845
20:15:38.381931,52,1.825541947727555,2.027321835308639,1.192032732906728,0.974120026017772,26.99999939650297
20:15:38.381931,52,1.9503460606770435,1.7602570706016165,0.48050298979629513,0.8349600223009475,5.119999885559082
20:15:38.381931,52,1.7720845085048826,1.9844063631317654,1.4401338147881622,0.8349600223009475,21.239999525249004
20:15:38.381931,52,1.8133109343119387,2.0305723226602552,1.427108881927602,0.8349600223009475,32.239999279379845
20:15:38.381931,52,2.015154598340239,1.6627759280471,0.3350876690892175,0.7655200204462744,5.639999873936176
20:15:38.381931,52,1.8343164912528185,2.012955488571664,1.4318292983948333,0.8349600223009475,30.35999932140112
20:15:38.381931,52,1.790482074110536,1.8872162768677798,1.4668306212020017,0.8349600223009475,5.999999865889549
20:15:38.381931,52,1.8735246775578454,1.9459502710080345,1.3346372714369439,0.974120026017772,27.239999391138554
20:15:38.381931,52,1.8939491813714782,1.927754618283006,1.3395127818903723,0.974120026017772,23.519999474287033
20:15:38.381931,52,1.9141842918537257,1.909362593068251,1.3444409101938388,0.974120026017772,19.999999552965164
20:15:38.435773,53,1.885326919433308,2.035055251933376,0.7690173017227511,0.974120026017772,6.8799998462200165
20:15:38.435773,53,1.8982996020836098,2.0772388949948444,1.0445754371599358,0.974120026017772,12.519999720156193
20:15:38.435773,53,1.8934892486161277,2.0902526965816324,1.2894261590759144,0.974120026017772,16.359999634325504
20:15:38.435773,53,1.8335827891463425,2.040945477305322,1.5395214997107722,0.6958000185841229,9.359999790787697
20:15:38.435773,53,1.8760204876840696,2.0587209215882556,1.4189116862896833,0.6958000185841229,15.239999659359455
20:15:38.490898,54,1.9651531138115854,1.8913913448197537,-1.5982223036390413,1.2524400334514212,5.119999885559082
20:15:38.490898,54,1.7921240477968217,2.1276847054680887,-0.02781953703521434,0.6958000185841229,11.639999739825726
20:15:38.490898,54,1.854537360118995,2.1576213740220136,-0.02845202650950525,0.6958000185841229,22.239999502897263
20:15:38.490898,54,1.9169574199252828,2.1856431895758353,0.08724191453330335,0.7655200204462744,21.639999516308308
20:15:38.490898,54,1.998907817657995,2.1891696391355273,0.207852661809506,0.7655200204462744,9.359999790787697
20:15:38.545637,55,1.8672794490349653,2.300523643003745,1.0953103632096062,0.6958000185841229,5.999999865889549
20:15:38.545637,55,1.8584841712789166,2.2737756830890685,1.2337059290859678,0.6958000185841229,11.119999751448631
20:15:38.545637,55,1.7882683803225434,2.1581308403315385,1.5100859182726574,0.6263600167294499,13.639999695122242
20:15:38.545637,55,1.8280216445542983,2.206106159073643,1.499195112308593,0.6958000185841229,20.999999530613422
20:15:38.545637,55,1.8677749087860533,2.254081477815746,1.4883043063445283,0.6958000185841229,16.99999962002039
20:15:38.601566,56,1.86938939619994,0.08771304270060665,-1.080017360565808,0.6263600167294499,5.999999865889549
20:15:38.601566,56,1.9021970763635487,0.08925240173246396,-1.1340714943215757,0.6263600167294499,5.639999873936176
20:15:38.601566,56,1.891748537003493,2.282368781051483,1.1001749438084134,0.7655200204462744,8.119999818503857
20:15:38.601566,56,1.884598290711721,2.289869964572484,1.3550110830295519,0.7655200204462744,14.239999681711197
20:15:38.601566,56,1.8677749087860533,2.254081477815746,1.4883043063445283,0.7655200204462744,24.639999449253082
20:15:38.601566,56,1.83259384777563,2.1163229876376746,1.4918414296525835,0.6263600167294499,12.759999714791775
20:15:38.601566,56,1.872864092555964,2.170357157095182,1.50877402851894,0.7655200204462744,25.119999438524246
20:15:38.655866,57,1.8599723972263738,2.3384492698484936,1.4676621665516647,0.6958000185841229,19.999999552965164
20:15:38.655866,57,1.8060474888089093,2.194427279063944,1.3818944761092098,0.6958000185841229,12.879999712109566
20:15:38.655866,57,1.9237184529241882,2.3374026854186347,1.3416225157250583,0.7655200204462744,14.759999670088291
20:15:38.655866,57,1.9551468505315788,2.3102007624662133,1.0868320298057383,0.6263600167294499,5.639999873936176
20:15:38.655866,57,1.8685222927564478,2.22421197786369,1.3732588888319202,0.6958000185841229,22.879999488592148
20:15:38.655866,57,1.9082914641257909,2.2715515614759982,1.359919484345883,0.6958000185841229,21.87999951094389
20:15:38.711068,58,1.951070680909499,2.851872188819105,-0.7726965576331338,1.3916000371682458,6.7599998489022255
20:15:38.711068,58,1.9952226524842727,2.854727233887034,-0.9265183327860524,2.644040070619667,5.239999882876873
20:15:38.711068,58,1.9441308348656576,2.7816260173370693,-0.7588935336211884,0.974120026017772,6.239999860525131
20:15:38.711068,58,1.7739170409742506,2.3825556548962035,0.08913912996883075,0.6958000185841229,14.6399996727705
20:15:38.711068,58,1.8116726573086062,2.4332653865937504,0.09103634540435815,0.6958000185841229,18.999999575316906
20:15:38.711068,58,1.8500190248681228,2.4847685588184656,-0.030979484448272476,0.6958000185841229,14.359999679028988
20:15:38.711068,58,1.9054025688385359,2.5064346226746954,-0.2841285708139828,0.6958000185841229,7.239999838173389
20:15:38.711068,58,1.7824480123007935,2.29665865669907,0.08724191453330335,0.6958000185841229,5.639999873936176
20:15:38.765692,59,1.7378704550259734,2.4253486059364704,1.4443775596240904,0.7655200204462744,19.519999563694
20:15:38.765692,59,1.7626482725156218,2.4084422582061884,1.4489076018453793,0.7655200204462744,21.87999951094389
20:15:38.765692,59,1.7872498266547672,2.3912974244421403,1.4535015462068217,0.7655200204462744,23.519999474287033
20:15:38.765692,59,1.8243492464502369,2.440935558788056,1.442157426737639,0.8349600223009475,20.119999550282955
20:15:38.765692,59,1.8615958861655297,2.490770669857567,1.430768290921356,0.8349600223009475,10.759999759495258
20:15:38.765692,59,1.7739170409742506,2.32444294413511,1.469451008265985,0.6958000185841229,16.119999639689922
20:15:38.765692,59,1.8116726573086062,2.3739158191133365,1.458158933317831,0.8349600223009475,23.999999463558197
20:15:38.765692,59,1.8599723972263738,2.3384492698484936,1.4676621665516647,0.8349600223009475,22.99999948590994
20:15:38.765692,59,1.884598290711721,2.289869964572484,1.3550110830295519,0.7655200204462744,20.999999530613422
20:15:38.765692,59,1.9082914641257909,2.2715515614759982,1.359919484345883,0.7655200204462744,18.35999958962202
20:15:38.765692,59,1.9551029780961013,2.2342327936541078,1.3699190180462832,0.7655200204462744,15.639999650418758
20:15:38.820674,60,1.8101624302968233,2.5262383131850634,1.4212647645343184,0.8349600223009475,14.999999664723873
20:15:38.820674,60,1.8471188170112425,2.5444255451132154,1.2848413050809269,0.7655200204462744,11.239999748766422
20:15:38.820674,60,1.7626482725156218,2.4084422582061884,1.4489076018453793,0.8349600223009475,11.639999739825726
20:15:38.820674,60,1.7992370175464238,2.4584362820173875,1.4374681220813788,0.8349600223009475,15.75999964773655
20:15:38.820674,60,1.981648808445677,2.441428859679007,1.0398988530156175,0.6263600167294499,5.239999882876873
20:15:38.875543,61,1.7129188519468113,2.4420147770123752,1.4399118725433828,0.904680024163099,6.359999857842922
20:15:38.875543,61,1.784172889857284,2.543597764029777,1.4166133136994294,0.904680024163099,16.8799996227026
20:15:38.875543,61,1.7739448664482589,2.47569356876151,1.432844046034739,0.904680024163099,13.999999687075615
20:15:38.875543,61,1.8471188170112425,2.5444255451132154,1.2848413050809269,0.904680024163099,11.639999739825726
20:15:38.875543,61,1.881091228900787,2.557192979758371,1.1446866409581442,0.904680024163099,5.359999880194664
20:15:38.930606,62,0.09765498956267027,0.198005221100718,2.123557442151007,-3.7573201003542636,5.239999882876873
20:15:38.930606,62,1.7739448664482589,2.47569356876151,1.432844046034739,0.8349600223009475,11.239999748766422
20:15:38.930606,62,1.8101624302968233,2.5262383131850634,1.4212647645343184,0.8349600223009475,20.51999954134226
20:15:38.930606,62,1.8463799941453876,2.5767830576086155,1.4096854830338978,0.8349600223009475,20.87999953329563
20:15:38.930606,62,1.910202888589064,2.5760139725237376,1.2757224101790148,0.8349600223009475,16.99999962002039
20:15:38.930606,62,1.9446155736585544,2.5877367873271306,1.1332297554049577,0.8349600223009475,12.11999972909689
20:15:38.930606,62,2.0217695097788635,2.50836656787966,0.869668464415176,0.8349600223009475,5.119999885559082
20:15:38.985199,63,1.7392606283481422,2.6460615510598613,1.3911223666607917,0.904680024163099,8.119999818503857
20:15:38.985199,63,1.7740866092060765,2.6650012697632137,1.2518783357470689,0.904680024163099,9.119999796152115
20:15:38.985199,63,1.8568202536337788,2.600765990559577,0.9913192404130364,0.904680024163099,8.119999818503857
20:15:39.040872,64,1.8198704573649072,2.594489834753346,1.4049409663974095,0.8349600223009475,6.9999998435378075
20:15:39.040872,64,1.8555680248725301,2.6453819054769148,1.3932686190953896,0.8349600223009475,11.519999742507935
20:15:39.040872,64,1.8642726221019263,2.6807960755360973,1.2469913290085248,0.6958000185841229,16.359999634325504
20:15:39.040872,64,1.925421332396887,2.674317704396065,1.106757771615025,0.6958000185841229,17.23999961465597
20:15:39.040872,64,1.9610903370901878,2.723860237837685,1.0902101928069854,0.7655200204462744,10.359999768435955
20:15:39.096018,65,1.7456216459104374,2.7149608235254656,1.374625004194049,0.8349600223009475,8.359999813139439
20:15:39.096018,65,1.779204056100943,2.767191459093251,1.3625939895230044,0.6958000185841229,12.759999714791775
20:15:39.096018,65,1.8113359953810433,2.7465159376594217,1.0874123133171547,0.5566400148672983,13.639999695122242
20:15:39.096018,65,1.868975519802912,2.7356114217243923,0.9434168019117175,0.7655200204462744,10.519999764859676
20:15:39.096018,65,2.0112648265060256,2.660827019710652,0.8118396058275439,1.0438400278799236,6.7599998489022255
20:15:39.096018,65,2.1285219932581256,2.5009673817269755,0.5156235269900318,1.0438400278799236,6.7599998489022255
20:15:39.096018,65,2.9838419041785573,2.713631080575437,0.704349732117509,0.974120026017772,5.359999880194664
20:15:39.149579,66,1.8038785019559656,2.7790678106873226,1.4979974895485526,0.904680024163099,7.1199998408555984
20:15:39.149579,66,1.8379266413915714,2.8315226119484307,1.4885222108896285,0.904680024163099,7.759999826550484
20:15:39.149579,66,1.9872678818393539,2.809412629484397,1.4990265058136578,0.7655200204462744,5.519999876618385
20:15:39.205684,67,1.7124568996016991,2.8546782223331224,1.615935317087839,0.8349600223009475,6.9999998435378075
20:15:39.205684,67,1.7771020198045089,2.9624421122540836,1.6014369039608953,0.8349600223009475,15.639999650418758
20:15:39.205684,67,1.819607931551983,2.9596195541597217,1.3169254626974078,0.7655200204462744,11.519999742507935
20:15:39.205684,67,1.8506304645132314,2.9355014747975883,1.0269557003157237,0.4872000130126253,5.999999865889549
20:15:39.205684,67,1.7737990643918613,2.891566596718871,1.6132395240363877,0.8349600223009475,13.639999695122242
20:15:39.260590,68,1.7585367575525364,2.994182929161376,1.3076642342780205,1.0438400278799236,13.239999704062939
20:15:39.260590,68,1.7906665284400096,3.0115706745864164,1.1557413371678895,1.0438400278799236,9.999999776482582
20:15:39.260590,68,1.7871034616880663,2.90675054708478,1.3291275284982662,1.0438400278799236,11.879999734461308
20:15:39.260590,68,1.7837819174064427,2.8367923304641267,1.3459086341961837,1.0438400278799236,6.7599998489022255
20:15:39.260590,68,2.9779753470865624,2.942293701733397,0.3796008148797174,0.20888000557897612,5.879999868571758
20:15:39.260590,68,3.0252792872908674,3.0010062250427887,0.3985541213575745,0.20888000557897612,5.239999882876873
20:15:39.315377,69,1.7835293739486924,2.936945572765152,1.4648541566532154,0.8349600223009475,8.359999813139439
20:15:39.315377,69,1.8846168712798166,3.0653575683096066,1.2925213310956913,0.6958000185841229,7.519999831914902
20:15:39.315377,69,1.8461724811086373,2.972676846257614,1.4598599337544995,0.8349600223009475,11.879999734461308
20:15:39.315377,69,1.8829171942103886,2.994449603571125,1.3095569210347944,1.1830000315967482,11.239999748766422
20:15:39.369912,70,1.8209321741691844,3.1348133489631422,1.121411547668787,0.8349600223009475,5.639999873936176
20:15:39.369912,70,1.8723795352034174,3.052267998703906,1.5917449643778698,0.974120026017772,5.999999865889549
20:15:39.369912,70,1.9159622864783705,3.0470020279401244,1.2974396833143311,0.8349600223009475,7.519999831914902
20:15:39.426035,71,1.8209321741691844,3.1348133489631422,1.121411547668787,0.8349600223009475,8.119999818503857
20:15:39.426035,71,1.901558682349249,3.0075759843506633,0.6850076452781109,0.41748001115047373,7.759999826550484
20:15:39.426035,71,1.8521124014158998,3.0124885612346644,1.3047233968965497,0.8349600223009475,8.639999806880951
20:15:39.426035,71,1.8846168712798166,3.0653575683096066,1.2925213310956913,0.8349600223009475,9.999999776482582
20:15:39.426035,71,2.0310631094826124,2.8429316307904564,0.36689119668847425,0.41748001115047373,7.639999829232693
20:15:39.480882,72,1.8174802755878696,3.061487011933638,1.4406432645600598,0.904680024163099,13.119999706745148
20:15:39.480882,72,1.8808477632245413,3.097200187411359,1.4356538910097785,0.974120026017772,17.23999961465597
20:15:39.480882,72,1.917759943351522,3.080639798003989,1.1359273068994185,0.904680024163099,19.35999956727028
20:15:39.480882,72,1.947937477006366,3.0898515107227116,0.9757925774549661,0.904680024163099,16.119999639689922
20:15:39.480882,72,2.0476010369279996,2.906983436967372,0.5062465845152322,0.3480400092958007,8.759999804198742
20:15:39.480882,72,2.916958673279808,3.246842000785058,1.267446900555338,0.7655200204462744,5.239999882876873
20:15:39.480882,72,3.02309571443464,3.1399607356416483,0.9263791198707552,0.7655200204462744,5.239999882876873
20:15:39.535886,73,0.08379281418502607,0.17797164138412633,2.1591033162272946,3.4095600910659414,5.999999865889549
20:15:39.535886,73,1.8840667061429206,3.2079172327257455,1.2582431046342357,0.904680024163099,7.1199998408555984
20:15:39.535886,73,1.941824746971031,3.1115193526065252,0.8074036953312207,0.974120026017772,7.879999823868275
20:15:39.535886,73,2.0522338360904966,2.990179152158819,0.5121941054930061,0.4872000130126253,6.359999857842922
20:15:39.535886,73,2.8847091543965004,3.2303398479560124,1.0886150733972264,0.8349600223009475,4.999999888241291
20:15:39.535886,73,2.9224250428185656,3.2261111758483576,0.9032951789897818,0.8349600223009475,5.119999885559082
20:15:39.590997,74,1.777568387824924,3.2489325953142396,1.5533972659712398,1.0438400278799236,12.359999723732471
20:15:39.590997,74,1.8077087807020573,3.3040213927550615,1.545824684260277,1.0438400278799236,14.879999667406082
20:15:39.590997,74,1.8781667261959571,3.31311996752516,1.3915200866913395,1.0438400278799236,11.999999731779099
20:15:39.590997,74,2.032062420411191,2.909339617832794,0.3348072882123079,0.5566400148672983,8.879999801516533
20:15:39.590997,74,2.8157392921940416,3.444592709221993,1.4020733989668022,0.974120026017772,5.519999876618385
20:15:39.590997,74,2.8859488014544423,3.2716525927970683,0.6997804575744104,0.904680024163099,6.7599998489022255
20:15:39.590997,74,2.94429519481678,3.2097858525925833,0.4731591897199592,0.7655200204462744,7.759999826550484
20:15:39.590997,74,3.093788523485855,3.182288549608301,0.519386680802775,0.7655200204462744,5.119999885559082
20:15:39.646035,75,1.8743684142233605,3.1960161266063087,1.5675761910278367,0.974120026017772,6.239999860525131
20:15:39.646035,75,1.9061501452600544,3.2502076740918255,1.5602440267178066,0.974120026017772,11.519999742507935
20:15:39.646035,75,1.9379318762967483,3.3043992215773423,1.5529118624077767,0.904680024163099,14.119999684393406
20:15:39.646035,75,1.9468937625096214,3.314890088911275,1.2335080981062883,0.904680024163099,16.639999628067017
20:15:39.646035,75,2.039643716589529,3.194039274824952,0.7735218346956343,0.904680024163099,15.359999656677246
20:15:39.646035,75,2.0628962783443026,3.188400823961209,0.6026013682493105,0.904680024163099,7.35999983549118
20:15:39.646035,75,2.9942200998995205,3.0837070505489708,0.3182630724713347,0.6263600167294499,6.8799998462200165
20:15:39.646035,75,3.040623746163196,3.143805691133901,0.3381345864758807,0.6263600167294499,6.11999986320734
20:15:39.700631,76,1.8142468322003054,3.3209566387119462,0.2653281980564856,0.8349600223009475,6.5199998542666435
20:15:39.700631,76,1.844496235689608,3.376327801859048,0.2697520832619878,0.8349600223009475,9.999999776482582
20:15:39.700631,76,1.8785025189372737,3.4385758874584536,0.11758236375126324,0.8349600223009475,10.359999768435955
20:15:39.700631,76,1.9095763454915622,3.4954561469435936,-0.03983183712994878,0.904680024163099,12.999999709427357
20:15:39.700631,76,1.9321438150490022,3.5367656239758993,-0.3636935584970444,1.3221600353135727,11.879999734461308
20:15:39.700631,76,1.989357236857791,3.556496456465798,-0.5327639310951756,1.3221600353135727,5.239999882876873
20:15:39.755592,77,0.0999971951666342,0.21374550094711173,1.9087726583517683,-1.2524400334514212,5.519999876618385
20:15:39.755592,77,1.9391225619591017,3.460007113780149,1.1985523923836818,0.8349600223009475,11.119999751448631
20:15:39.755592,77,1.9047603377710811,3.322958154080783,1.547939011431096,0.8349600223009475,12.11999972909689
20:15:39.755592,77,1.9397699130407846,3.4217890997976514,1.3715621664129847,0.8349600223009475,15.999999642372131
20:15:39.755592,77,2.006186181299325,3.4537361198046446,1.0320276410513496,0.8349600223009475,5.639999873936176
20:15:39.755592,77,1.9697136073334423,3.3585907690628596,1.5455796980977468,0.8349600223009475,18.999999575316906
20:15:39.810673,78,1.873777103630274,3.424193119087128,1.2061845813899017,0.6958000185841229,8.119999818503857
20:15:39.810673,78,1.9042924892466622,3.43805766037339,1.0368834728816116,0.6958000185841229,14.999999664723873
20:15:39.810673,78,1.9702206454236986,3.4729408496638836,1.0268817491947084,0.7655200204462744,16.359999634325504
20:15:39.810673,78,2.0005427953897668,3.5263902100243043,1.0119052349630802,0.7655200204462744,8.239999815821648
20:15:39.810673,78,2.9982244899232255,3.566065864265678,0.38259945198327827,0.27832000743364915,5.359999880194664
20:15:39.864336,79,1.8699592497625797,3.407591827106368,1.4920907524025941,0.6958000185841229,6.359999857842922
20:15:39.864336,79,1.8981299593334573,3.469287785077527,1.5231069391273886,0.6958000185841229,12.11999972909689
20:15:39.864336,79,1.9282703522105904,3.5243765825183484,1.5155343574164257,0.6958000185841229,11.999999731779099
20:15:39.864336,79,2.029711233073106,3.5409417965212935,1.518284138777195,0.7655200204462744,7.239999838173389
20:15:39.920797,80,1.8282649066030885,3.5052831945275114,1.5134619982340376,0.7655200204462744,10.119999773800373
20:15:39.920797,80,1.892877775589699,3.5428314642103755,1.5105893867706353,0.7655200204462744,11.879999734461308
20:15:39.920797,80,1.9224649544618229,3.5982087260690943,1.5029395112518518,0.7655200204462744,8.359999813139439
20:15:39.920797,80,1.9997426049809295,3.568172417102326,1.173497870608453,0.6958000185841229,7.999999821186066
20:15:39.920797,80,2.030560313088891,3.6121919669970173,1.1198240086599358,0.6958000185841229,5.519999876618385
20:15:39.975581,81,1.9584107450877237,3.5794653799591702,1.507961775705463,0.8349600223009475,7.1199998408555984
20:15:39.975581,81,2.032174693308026,3.5847927982063887,1.3416252859954523,0.6958000185841229,7.35999983549118
20:15:39.975581,81,2.1048032966437265,3.539890752002415,1.0076329743555694,0.6958000185841229,5.359999880194664
20:15:39.975581,81,2.215473866591743,3.4925239530537384,0.42481210422848004,0.13916000371682458,5.119999885559082
20:15:39.975581,81,2.221100880974463,3.421533434121388,0.452935293428939,0.13916000371682458,6.359999857842922
20:15:39.975581,81,3.04724774754108,3.5878107945479494,0.528927180384289,0.20888000557897612,4.999999888241291
20:15:40.032526,82,1.821528321929274,3.578711067192308,1.500975476126877,0.7655200204462744,7.999999821186066
20:15:40.032526,82,1.8863269189511185,3.6166039311390046,1.4980105309087643,0.7655200204462744,13.759999692440033
20:15:40.032526,82,1.9153579251251334,3.6722642994447514,1.4902847972461277,0.7655200204462744,15.75999964773655
20:15:40.032526,82,1.9591122403109376,3.623346953784821,1.3312947311433474,0.7655200204462744,15.75999964773655
20:15:40.032526,82,1.988806428952123,3.6782658837696975,1.3211591911828433,0.8349600223009475,13.999999687075615
20:15:40.032526,82,2.0225455738551092,3.6960568167991226,1.143159632884173,0.8349600223009475,7.239999838173389
20:15:40.032526,82,1.9957432531361208,3.6042463097376496,1.3364127332907012,0.7655200204462744,14.999999664723873
20:15:40.032526,82,2.032174693308026,3.5847927982063887,1.3416252859954523,0.7655200204462744,13.759999692440033
20:15:40.032526,82,3.0110343825426624,3.557837061942826,0.5936707748862751,0.20888000557897612,5.239999882876873
20:15:40.032526,82,3.1127530795396123,3.477517959179266,0.40632579164265015,0.20888000557897612,8.639999806880951
20:15:40.032526,82,3.1907147345529174,3.491480871708336,0.3940958386855826,0.20888000557897612,6.6399998515844345
20:15:40.085760,83,1.8500002523288852,3.6346491556638054,1.4931753275701056,0.8349600223009475,6.9999998435378075
20:15:40.085760,83,1.9153579251251334,3.6722642994447514,1.4902847972461277,0.8349600223009475,11.639999739825726
20:15:40.085760,83,1.9816393122060703,3.7089632497865326,1.4876397602142848,0.8349600223009475,10.639999762177467
20:15:40.085760,83,2.0112264910781943,3.7643405116452517,1.4799898846955013,0.8349600223009475,5.759999871253967
20:15:40.085760,83,3.8829677324280896,3.667796023805561,1.40636735022852,0.7655200204462744,6.6399998515844345
20:15:40.139542,84,1.946308468871975,3.7343942800725656,1.1328871405601961,0.6958000185841229,12.519999720156193
20:15:40.139542,84,2.0137206380791084,3.7700670877359066,1.125292782504561,0.20888000557897612,17.639999605715275
20:15:40.139542,84,2.1191659154374123,3.68968035588289,0.7823548885449367,0.41748001115047373,13.519999697804451
20:15:40.139542,84,2.2116738464109345,3.5805340635891483,0.43814292240503994,0.41748001115047373,7.35999983549118
20:15:40.195822,85,-0.2018043147629466,0.0895250487133901,1.876431030284899,-1.3916000371682458,4.999999888241291
20:15:40.195822,85,1.9631254974600507,3.8086182024268127,1.6446583680277251,0.8349600223009475,7.639999829232693
20:15:40.195822,85,2.048194806234494,3.788103743739451,1.3008881112618353,0.8349600223009475,7.999999821186066
20:15:40.195822,85,2.1191659154374123,3.68968035588289,0.7823548885449367,0.904680024163099,8.51999980956316
20:15:40.195822,85,2.250190305803553,3.5589847354026967,0.4439170474900329,0.7655200204462744,9.239999793469906
20:15:40.253192,86,0.021898856920153725,0.10803045526571874,0.22772541992759843,0.27832000743364915,5.239999882876873
20:15:40.253192,86,1.7034626860549296,3.919329101843132,0.47199181636058674,0.8349600223009475,13.519999697804451
20:15:40.253192,86,1.742570150558394,3.902098794459062,0.47199181636058674,0.8349600223009475,15.87999964505434
20:15:40.253192,86,1.7682051225371864,3.9595026201945047,0.47893529406376323,0.8349600223009475,15.119999662041664
20:15:40.253192,86,1.820258419611659,3.8664693218967656,0.47199181636058674,0.8349600223009475,18.11999959498644
20:15:40.253192,86,1.8470362647193312,3.923349002001422,0.47893529406376323,0.8349600223009475,17.519999608397484
20:15:40.253192,86,1.8607914820253733,3.8521312832877532,0.4292337856984268,0.8349600223009475,20.119999550282955
20:15:40.253192,86,1.8929986003584462,3.9188050881035092,0.3051431649060057,0.8349600223009475,19.63999956101179
20:15:40.253192,86,1.9040803967995505,3.8431429538058324,0.30071927970050344,0.8349600223009475,21.119999527931213
20:15:40.253192,86,1.932091348095648,3.8996794794083947,0.3051431649060057,0.8349600223009475,20.87999953329563
20:15:40.253192,86,1.9138410751548507,3.767656718109026,0.2962953944950012,0.8349600223009475,10.87999975681305
20:15:40.253192,86,1.9424159817357995,3.82391031207076,0.30071927970050344,0.8349600223009475,20.87999953329563
20:15:40.253192,86,1.9709908883167484,3.880163906032494,0.3051431649060057,0.8349600223009475,21.119999527931213
20:15:40.253192,86,1.999452850602911,3.9361951537730357,0.3095495643992332,0.8349600223009475,15.519999653100967
20:15:40.253192,86,1.9805573267012326,3.8042952825081566,0.30071927970050344,0.8349600223009475,19.63999956101179
20:15:40.253192,86,2.0096933311003147,3.860260319516795,0.3051431649060057,0.8349600223009475,20.119999550282955
20:15:40.253192,86,2.0185006175933085,3.784299826604544,0.30071927970050344,0.8349600223009475,17.519999608397484
20:15:40.253192,86,2.048194806234494,3.839970710203273,0.3051431649060057,0.8349600223009475,18.11999959498644
20:15:40.253192,86,2.1116890524562355,3.959010190733041,0.1346498037957706,0.904680024163099,11.239999748766422
20:15:40.253192,86,2.086491463604028,3.819297107035862,0.3051431649060057,0.8349600223009475,15.75999964773655
20:15:40.253192,86,2.124579473575267,3.7982415773575577,0.3051431649060057,0.8349600223009475,13.35999970138073
20:15:40.253192,86,2.8498918984249224,4.077571997259477,-0.44894336456017214,0.6263600167294499,7.35999983549118
20:15:40.253192,86,2.8859791181597325,4.129204915943493,-0.4546281829402384,0.6263600167294499,8.239999815821648
20:15:40.308888,87,1.7937387705160628,4.0055620930618945,1.429703178192855,0.7655200204462744,19.999999552965164
20:15:40.308888,87,1.8404476817458897,3.956380951652791,1.2603602097336013,0.7655200204462744,23.11999948322773
20:15:40.308888,87,1.9004861136496656,4.026874751136514,1.431180885748507,0.7655200204462744,22.639999493956566
20:15:40.308888,87,1.920334320219218,3.920053376910161,1.2700941540488704,0.7655200204462744,25.879999421536922
20:15:40.308888,87,1.9407592518406767,4.0083228064331875,1.4361518643497904,0.7655200204462744,25.239999435842037
20:15:40.308888,87,1.9599915841692317,3.9013126861290317,1.2751157070092753,0.7655200204462744,27.87999937683344
20:15:40.308888,87,1.988002535465329,3.957067762081731,1.2647561224119384,0.7655200204462744,26.99999939650297
20:15:40.308888,87,1.9638879739273298,3.8584015095497946,1.4619747333430206,0.7655200204462744,14.51999967545271
20:15:40.308888,87,1.999452850602911,3.882189879012957,1.2802396477330438,0.7655200204462744,28.359999366104603
20:15:40.308888,87,2.0280277571838594,3.9376716639867047,1.2699532912328155,0.7655200204462744,27.359999388456345
20:15:40.308888,87,2.0566026637648083,3.993153448960454,1.259666934732587,0.7655200204462744,14.119999684393406
20:15:40.308888,87,2.038714173426673,3.8626868678266275,1.2854654638303957,0.7655200204462744,27.119999393820763
20:15:40.308888,87,2.067850177825755,3.9178899281870256,1.2752537913652253,0.7655200204462744,26.519999407231808
20:15:40.308888,87,2.077771626541129,3.8428056028548223,1.2907926327241002,0.7655200204462744,24.759999446570873
20:15:40.308888,87,2.1074658151823145,3.897724532839698,1.280657092763596,0.7655200204462744,24.35999945551157
20:15:40.308888,87,2.1166213042336897,3.822548072207382,1.2962206217017305,0.7655200204462744,21.7599995136261
20:15:40.308888,87,2.1468707077229925,3.8771774944673636,1.2861626551023144,0.7655200204462744,21.639999516308308
20:15:40.308888,87,2.155259321569134,3.801916301620399,1.3017488879689365,0.7655200204462744,18.639999583363533
20:15:40.362186,88,1.8002262958194932,3.973964202887255,1.2556487917650132,0.8349600223009475,5.879999868571758
20:15:40.362186,88,1.871239515900855,3.929497736271874,0.9006214805540489,0.6958000185841229,10.519999764859676
20:15:40.362186,88,1.8861767489347097,3.8955915178806837,1.4520097006442523,0.8349600223009475,5.879999868571758
20:15:40.362186,88,2.0208617766897166,3.928085865549019,0.9003449888869615,0.6958000185841229,14.359999679028988
20:15:40.362186,88,2.048940091232113,3.9826635866750504,0.8850661312994168,0.6958000185841229,6.8799998462200165
20:15:40.418203,89,1.913413958305608,3.951845547019755,1.4440964833250356,0.8349600223009475,12.359999723732471
20:15:40.418203,89,1.9477785151588023,3.9760762828785428,1.2596628046151224,0.8349600223009475,13.879999689757824
20:15:40.418203,89,1.9381105045734903,4.011867035683246,1.0663873441637925,0.6263600167294499,11.519999742507935
20:15:40.418203,89,1.9251286170554354,3.877184173472911,1.4569419337131164,0.8349600223009475,6.5199998542666435
20:15:40.418203,89,2.048632747670813,4.017899978476298,1.01896692115292,0.6263600167294499,5.239999882876873
20:15:40.418203,89,3.0917207569153025,4.0210892968410565,1.2933829311148108,0.6958000185841229,4.999999888241291
20:15:40.418203,89,3.170919763669832,4.040320861665216,1.2928097918291155,0.6958000185841229,5.119999885559082
20:15:40.473997,90,1.8516816709358386,4.0875509331962965,1.2343732050640637,0.6263600167294499,19.239999569952488
20:15:40.473997,90,1.8930526937191947,4.069465104707998,1.239219288201951,0.6263600167294499,21.639999516308308
20:15:40.473997,90,1.913413958305608,3.951845547019755,1.4440964833250356,0.7655200204462744,13.759999692440033
20:15:40.473997,90,1.9752227100983868,4.032099188846925,1.2492314551813748,0.6263600167294499,23.23999948054552
20:15:40.473997,90,1.9808383157324736,3.98938278716862,1.441226827216361,0.7655200204462744,22.639999493956566
20:15:40.473997,90,2.0160134867614268,4.012822838034431,1.2543965378146016,0.6263600167294499,23.879999466240406
20:15:40.473997,90,2.0481205425510924,4.028843395182816,1.0638026842949702,0.6263600167294499,18.519999586045742
20:15:40.473997,90,2.076187626142547,4.084053956280274,1.0509732009847452,0.6263600167294499,7.239999838173389
20:15:40.473997,90,2.020719297452245,3.9700565873288696,1.4464052668561846,0.7655200204462744,21.639999516308308
20:15:40.473997,90,2.0566026637648083,3.993153448960454,1.259666934732587,0.6263600167294499,23.23999948054552
20:15:40.473997,90,2.089356143290755,4.008860751174538,1.069157017619627,0.6263600167294499,18.11999959498644
20:15:40.473997,90,2.060398208935232,3.9503461395177304,1.4516866654296352,0.7655200204462744,19.879999555647373
20:15:40.473997,90,2.096986182224837,3.973092988547424,1.265042118900055,0.6263600167294499,21.639999516308308
20:15:40.473997,90,2.130382810166552,3.9884808076202103,1.0746178070368009,0.6263600167294499,16.8799996227026
20:15:40.473997,90,2.1371600038235,3.9526434628245752,1.2705215528030922,0.6263600167294499,19.239999569952488
20:15:40.473997,90,2.1711964405461694,3.967705602497116,1.080184506472125,0.6263600167294499,15.239999659359455
20:15:40.473997,90,2.1771201112122944,3.9318069167273464,1.2761046885028984,0.6263600167294499,16.639999628067017
20:15:40.526996,91,1.8450087144736476,4.12005197721087,1.4134025403442183,0.6958000185841229,5.119999885559082
20:15:40.526996,91,1.9193551997058476,4.1260071812356,1.2286488274361262,0.6958000185841229,5.879999868571758
20:15:40.526996,91,2.0767068504311164,4.072960572916472,1.0055230164325044,0.7655200204462744,5.359999880194664
20:15:40.581440,92,1.9004861136496656,4.036883541340757,0.4927948048942142,0.6958000185841229,5.759999871253967
20:15:40.581440,92,1.917210293627013,4.072407908716071,0.6802797557732702,0.6958000185841229,12.639999717473984
20:15:40.581440,92,1.9438484508178326,4.128990873233901,0.6897317178914885,0.7655200204462744,13.119999706745148
20:15:40.581440,92,1.9808196489726826,4.207522581654725,0.5136252380037435,0.7655200204462744,7.999999821186066
20:15:40.636522,93,1.9540418038650103,4.15064290155007,0.5066817603005671,0.6958000185841229,5.119999885559082
20:15:40.636522,93,1.9919676035527965,4.231202309720537,0.1403414501023528,0.6263600167294499,5.519999876618385
20:15:40.636522,93,2.0197040076803807,4.2901180957999205,-0.04741921086304328,0.3480400092958007,7.35999983549118
20:15:40.636522,93,2.0816589225747357,4.309361652954877,-0.4318889094199734,0.3480400092958007,8.119999818503857
20:15:40.636522,93,2.150563612637808,4.340637826276767,-0.4860390012031145,0.3480400092958007,6.11999986320734
20:15:40.691839,94,1.956102224110344,4.155019506312869,0.4607811461544572,0.7655200204462744,12.759999714791775
20:15:40.691839,94,1.975911903710718,4.308376312128422,0.14223866553788017,0.6958000185841229,15.999999642372131
20:15:40.691839,94,2.003068318953572,4.367589506772834,-0.048051700337334184,0.6958000185841229,9.879999779164791
20:15:40.691839,94,2.0301110999775553,4.202649545805809,0.3272451052212421,0.7655200204462744,18.11999959498644
20:15:40.747228,95,1.9456577056925002,4.1825492577632035,1.2180783666703014,0.7655200204462744,13.119999706745148
20:15:40.747228,95,1.9732442225728088,4.229548426752541,1.1610759987059964,0.7655200204462744,14.51999967545271
20:15:40.747228,95,1.9954498389108137,4.121277325260053,1.4202626263993,0.7655200204462744,5.759999871253967
20:15:40.747228,95,2.04633633349567,4.223450995505284,0.9678183034204273,0.7655200204462744,8.359999813139439
20:15:40.802557,96,1.9313512627225724,4.236700124526881,1.5406983596600665,0.8349600223009475,8.999999798834324
20:15:40.802557,96,1.9546040497458597,4.30010275792527,1.5814245395277253,0.8349600223009475,12.11999972909689
20:15:40.802557,96,2.0849994898567243,4.256190812720454,1.207506057446384,0.904680024163099,8.759999804198742
20:15:40.802557,96,2.1586602777247816,4.145542640092307,0.637298078761656,0.41748001115047373,7.759999826550484
20:15:40.802557,96,2.1805798826513474,4.1365300805649605,0.43272509082210586,0.41748001115047373,5.759999871253967
20:15:40.856601,97,1.9219136304100253,4.291786803434334,1.3889515835712634,0.904680024163099,10.759999759495258
20:15:40.856601,97,1.9545924211685297,4.314724393814378,1.1918220316621655,0.974120026017772,12.999999709427357
20:15:40.856601,97,2.0286223330273367,4.310384302398314,0.9962205933682833,0.974120026017772,12.759999714791775
20:15:40.856601,97,2.1005219822601684,4.29699037693968,0.7975685152530754,1.0438400278799236,11.639999739825726
20:15:40.912839,98,1.9373891214394237,4.376381574465395,1.5707710834753272,0.8349600223009475,6.9999998435378075
20:15:40.912839,98,2.0286223330273367,4.310384302398314,0.9962205933682833,0.6958000185841229,12.759999714791775
20:15:40.912839,98,2.0533332916136375,4.260838251051172,0.6031320159330096,0.6958000185841229,19.35999956727028
20:15:40.912839,98,2.098001776074971,4.240788675641946,0.6085042834724987,0.6958000185841229,19.35999956727028
20:15:40.912839,98,2.1638595948724424,4.21069860844091,0.40696633661509973,0.6958000185841229,18.639999583363533
20:15:40.912839,98,2.1518157821931814,4.349565431858037,0.5728122455263887,0.6958000185841229,7.759999826550484
20:15:40.912839,98,2.1805798826513474,4.1365300805649605,0.43272509082210586,0.6958000185841229,18.519999586045742
20:15:40.912839,98,2.2244823383681145,4.115255086920123,0.438425708188217,0.6958000185841229,16.8799996227026
20:15:40.912839,98,-0.12478077816236866,-0.020065040423616655,1.7808284743984264,0.974120026017772,5.119999885559082
20:15:40.968223,99,1.9038409285185371,4.367632683176141,1.3758171584205252,0.7655200204462744,5.639999873936176
20:15:40.968223,99,1.9289005900822014,4.425122463564443,1.367601235267744,0.7655200204462744,10.519999764859676
20:15:40.968223,99,1.9988185463464028,4.463521629657798,1.3645006267983084,0.8349600223009475,12.999999709427357
20:15:40.968223,99,2.0813327623439553,4.422382579948563,0.9701390292440331,0.8349600223009475,11.519999742507935
20:15:40.968223,99,2.2906975748036764,4.3427993570647425,0.7839844334482842,0.8349600223009475,5.239999882876873
20:15:41.052559,100,1.74897493213012,4.6465508090246095,0.5483426265196257,0.7655200204462744,15.999999642372131
20:15:41.052559,100,1.7659481915073818,4.5530187174440515,0.6881917730524116,0.6958000185841229,20.51999954134226
20:15:41.052559,100,1.79535221674661,4.62882902599457,0.5483426265196257,0.7655200204462744,19.759999558329582
20:15:41.052559,100,1.81823104162884,4.5522613297018895,0.5413991488164493,0.7655200204462744,24.51999945193529
20:15:41.052559,100,1.841549967645573,4.610644363939968,0.5483426265196257,0.7655200204462744,24.23999945819378
20:15:41.052559,100,1.8668352864056936,4.673950608397089,0.5049823924896074,0.7655200204462744,16.759999625384808
20:15:41.052559,100,1.8636619844115483,4.533851711569438,0.5413991488164493,0.7655200204462744,28.639999359846115
20:15:41.052559,100,1.8875635650906237,4.591998641311775,0.5483426265196257,0.7655200204462744,29.23999934643507
20:15:41.052559,100,1.9183784592931832,4.666964038465712,0.3537884164542555,0.6958000185841229,19.239999569952488
20:15:41.052559,100,1.9089065625571928,4.514988712064294,0.5413991488164493,0.7655200204462744,32.359999276697636
20:15:41.052559,100,1.9333884077605674,4.572893722666629,0.5483426265196257,0.7655200204462744,33.87999924272299
20:15:41.052559,100,1.964951402691939,4.647547227782764,0.3537884164542555,0.7655200204462744,21.519999518990517
20:15:41.052559,100,1.9289005900822014,4.4380169164608185,0.5344556711132729,0.7655200204462744,18.35999958962202
20:15:41.052559,100,1.9539602516458656,4.495674217470605,0.5413991488164493,0.7655200204462744,34.35999923199415
20:15:41.052559,100,1.9790199132095299,4.553331518480392,0.5483426265196257,0.7655200204462744,36.63999918103218
20:15:41.052559,100,2.011327852596664,4.627665666270756,0.3537884164542555,0.7655200204462744,22.759999491274357
20:15:41.052559,100,1.9988185463464028,4.475910159221649,0.5413991488164493,0.7655200204462744,34.11999923735857
20:15:41.052559,100,2.026588183513342,4.538094093496523,0.49866792872744314,0.7655200204462744,36.23999918997288
20:15:41.052559,100,2.0575031714012204,4.607321342069184,0.3537884164542555,0.7655200204462744,22.879999488592148
20:15:41.052559,100,2.0844855653071055,4.6677424199225115,0.30709067591310685,0.6958000185841229,6.239999860525131
20:15:41.052559,100,2.0879310294033724,4.435041302073352,0.5413991488164493,0.7655200204462744,31.63999929279089
20:15:41.052559,100,2.116938708575706,4.496657444270996,0.49866792872744314,0.7655200204462744,33.11999925971031
20:15:41.052559,100,2.103472741612415,4.586516289593423,0.3537884164542555,0.7655200204462744,21.7599995136261
20:15:41.052559,100,2.1321763065861568,4.413940590025485,0.5413991488164493,0.7655200204462744,27.87999937683344
20:15:41.052559,100,2.1673320746754774,4.4867185639967975,0.3493645312487533,0.7655200204462744,28.519999362528324
20:15:41.052559,100,2.1947762696150614,4.543532367634995,0.3537884164542555,0.7655200204462744,19.759999558329582
20:15:41.052559,100,2.178503049527885,4.3970300091897805,0.4923534649652788,0.7655200204462744,23.759999468922615
20:15:41.052559,100,2.21209014583411,4.46482127090595,0.3493645312487533,0.7655200204462744,23.639999471604824
20:15:41.052559,100,2.2401010971302076,4.5213577965085125,0.3537884164542555,0.7655200204462744,17.23999961465597
20:15:41.052559,100,2.2223636915624483,4.3750254926048955,0.4923534649652788,0.7655200204462744,19.879999555647373
20:15:41.052559,100,2.25662700983145,4.442477499428643,0.3493645312487533,0.7655200204462744,19.239999569952488
20:15:41.052559,100,2.3009382130184104,4.419689483923303,0.3493645312487533,0.7655200204462744,15.75999964773655
20:15:41.052559,100,3.2157737420792247,4.601068892287321,0.39358589759150087,0.8349600223009475,5.119999885559082
20:15:41.078630,101,1.841549967645573,4.595461981948566,1.336335733028226,0.6958000185841229,14.359999679028988
20:15:41.078630,101,1.8875635650906237,4.577451596912172,1.3411616011541012,0.6958000185841229,16.519999630749226
20:15:41.078630,101,1.9333884077605674,4.558997662583675,1.3461063179545991,0.6958000185841229,18.23999959230423
20:15:41.078630,101,1.9539602516458656,4.4826122439527465,1.3593853121149628,0.6958000185841229,14.51999967545271
20:15:41.078630,101,1.9790199132095299,4.540102024341048,1.3511693889621816,0.6958000185841229,19.239999569952488
20:15:41.078630,101,2.011327852596664,4.561548962597156,1.1440053596971602,0.6958000185841229,15.87999964505434
20:15:41.078630,101,1.9731835743676103,4.4062766875833095,1.3726509457226266,0.6958000185841229,5.879999868571758
20:15:41.078630,101,2.024453518325195,4.520766571732285,1.35635030787399,0.6958000185841229,19.239999569952488
20:15:41.078630,101,2.0844855653071055,4.588173869367905,1.0885261789681624,0.6958000185841229,7.239999838173389
20:15:41.078630,101,2.116938708575706,4.472502314532841,1.3178556452205532,0.6958000185841229,18.23999959230423
20:15:41.078630,101,2.161798686525582,4.45183742801788,1.323392784873918,0.6958000185841229,16.519999630749226
20:15:41.078630,101,2.21209014583411,4.40310836970333,1.181879445633244,0.6958000185841229,14.359999679028988
20:15:41.078630,101,3.0149659820112746,4.660216263831702,1.612103825109517,0.6263600167294499,5.879999868571758
20:15:41.078630,101,3.141705846312892,4.653390372531046,1.6237182084102804,0.6263600167294499,5.879999868571758
20:15:41.078630,101,3.2232971848958196,4.674782832721585,1.6277715072172405,0.6263600167294499,5.119999885559082
20:15:41.131547,102,1.9333884077605674,4.572893722666629,0.5483426265196257,0.5566400148672983,8.639999806880951
20:15:41.131547,102,1.9539602516458656,4.495674217470605,0.5413991488164493,0.5566400148672983,7.759999826550484
20:15:41.186479,103,1.9333884077605674,4.558997662583675,1.3461063179545991,0.5566400148672983,4.999999888241291
20:15:41.186479,103,2.0040795747731943,4.597591804729351,1.3429534658094004,0.6263600167294499,6.7599998489022255
20:15:41.186479,103,2.1395490126493604,4.68542197998132,0.4664692053384125,0.20888000557897612,4.999999888241291
20:15:41.186479,103,2.0831291684947364,4.598466739882811,1.1386751115238263,0.6263600167294499,6.6399998515844345
20:15:41.242936,104,-0.08126572127637584,0.16823283544211856,0.17059484665447644,2.644040070619667,4.999999888241291
20:15:41.242936,104,1.8648688936623066,4.669027398178047,0.5552861042228022,0.5566400148672983,7.639999829232693
20:15:41.242936,104,2.040238809459251,5.108096838638339,-0.055006584596137775,1.3221600353135727,5.239999882876873
20:15:41.242936,104,1.8875635650906237,4.591998641311775,0.5483426265196257,0.6263600167294499,7.35999983549118
20:15:41.242936,104,1.9422716719527928,4.7250906107828845,0.35819481594748304,0.6263600167294499,5.639999873936176
20:15:41.242936,104,2.013995066921635,4.763546404871198,0.3626187011529852,0.6263600167294499,5.999999865889549
20:15:41.242936,104,2.1647295448259567,4.980612473704884,-0.27176173974801754,0.20888000557897612,5.359999880194664
20:15:41.242936,104,3.2290359155320343,4.7198688465305265,0.6316094698059392,0.5566400148672983,5.519999876618385
20:15:41.297823,105,0.07124315197603048,0.1718313827358357,2.171485845725354,0.20888000557897612,5.119999885559082
20:15:41.297823,105,1.9261133691081438,4.580856880742989,1.494169101756574,0.6263600167294499,7.1199998408555984
20:15:41.297823,105,1.9505030929512048,4.638862726129775,1.4877639357277657,0.6263600167294499,14.879999667406082
20:15:41.297823,105,1.9719148017072525,4.703171500587619,1.5320962654361723,0.6263600167294499,11.999999731779099
20:15:41.297823,105,2.1012571102616566,4.692275133362569,1.3319315658003406,0.6958000185841229,8.239999815821648
20:15:41.297823,105,2.2342181120051694,4.624806466364271,0.9237485167412913,0.4872000130126253,8.119999818503857
20:15:41.354852,106,1.7363467210948522,4.792737798395861,1.5080970482694083,0.6263600167294499,20.119999550282955
20:15:41.354852,106,1.757791471909448,4.851930508329675,1.5020218006839634,0.6958000185841229,16.99999962002039
20:15:41.354852,106,1.783826541339968,4.775736525762374,1.5126525255418528,0.6263600167294499,24.23999945819378
20:15:41.354852,106,1.805857691691885,4.834719261472303,1.5066335403801288,0.6958000185841229,20.63999953866005
20:15:41.354852,106,1.8338038578105498,4.751825817696544,1.466596903550196,0.6263600167294499,28.879999354481697
20:15:41.354852,106,1.856452253027834,4.81051324419775,1.4600091084122022,0.6263600167294499,24.999999441206455
20:15:41.354852,106,1.8880956500109893,4.711613548559379,1.3195614359901506,0.6958000185841229,33.11999925971031
20:15:41.354852,106,1.9114145760277226,4.769804333415885,1.3111576792562236,0.6958000185841229,29.35999934375286
20:15:41.354852,106,1.935272253797869,4.693147946083377,1.3245092792613495,0.6958000185841229,35.999999195337296
20:15:41.354852,106,1.9591738344769447,4.751110671509741,1.3161666308675553,0.6958000185841229,32.75999926775694
20:15:41.354852,106,1.957870252963942,4.616726712064841,1.3378262828416116,0.6958000185841229,18.999999575316906
20:15:41.354852,106,1.9822553319807419,4.674227583484814,1.3295789751401383,0.6958000185841229,36.51999918371439
20:15:41.354852,106,2.0067371771841165,4.731956632965979,1.321298940027151,0.6958000185841229,34.23999923467636
20:15:41.354852,106,2.029040186291152,4.654854352784103,1.3347700166611758,0.6958000185841229,34.23999923467636
20:15:41.354852,106,2.054099847854816,4.712344133172405,1.3265540935083946,0.6958000185841229,33.11999925971031
20:15:41.354852,106,2.0791595094184805,4.769833913560708,1.3183381703556134,0.6958000185841229,16.119999639689922
20:15:41.354852,106,2.075622138282864,4.635030191288081,1.340081884724659,0.6958000185841229,30.23999932408333
20:15:41.354852,106,2.1012571102616566,4.692275133362569,1.3319315658003406,0.6958000185841229,29.879999332129955
20:15:41.354852,106,2.1681587234413784,4.594037050402733,1.3510659637201032,0.6958000185841229,25.75999942421913
20:15:41.354852,106,2.194936568549051,4.650775706675708,1.3430513036674396,0.6958000185841229,25.63999942690134
20:15:41.354852,106,2.2141041030271924,4.572872170293152,1.356737076253367,0.6263600167294499,21.359999522566795
20:15:41.354852,106,2.2414493965622606,4.6293494297065845,1.3487924572781218,0.6958000185841229,21.359999522566795
20:15:41.354852,106,2.2622109276412394,4.542728447800798,1.3120871985836888,0.6263600167294499,17.639999605715275
20:15:41.354852,106,2.2901503645313164,4.598833417158552,1.303591131277937,0.6958000185841229,17.639999605715275
20:15:41.407118,107,0.06002624861414594,0.17754107986450535,2.1699559369907004,-4.383680117083713,5.119999885559082
20:15:41.407118,107,1.8880956500109893,4.711613548559379,1.3195614359901506,0.6958000185841229,13.639999695122242
20:15:41.407118,107,2.008853161549833,4.7234463564919125,1.2702011948170948,0.7655200204462744,19.759999558329582
20:15:41.407118,107,2.038565457119878,4.752364346622486,1.1065982580370979,0.7655200204462744,15.999999642372131
20:15:41.407118,107,2.1646413695459032,4.723299515885383,0.8993215256115383,0.7655200204462744,9.759999781847
20:15:41.407118,107,2.288990776734772,4.682536733059882,0.6896806596236307,0.27832000743364915,5.759999871253967
20:15:41.407118,107,3.276340743025671,4.731130381787598,1.1534892660284266,0.6263600167294499,5.119999885559082
20:15:41.462375,108,1.9591738344769447,4.751110671509741,1.3161666308675553,0.7655200204462744,5.759999871253967
20:15:41.462375,108,2.092726940597492,4.767196305544955,0.6669961955446913,0.27832000743364915,17.11999961733818
20:15:41.462375,108,2.0866793334580422,4.732440778622888,1.1119367619929368,0.7655200204462744,10.639999762177467
20:15:41.462375,108,2.142119127087157,4.746743399625273,0.6724765351687398,0.27832000743364915,18.759999580681324
20:15:41.462375,108,2.1646413695459032,4.723299515885383,0.8993215256115383,0.6263600167294499,17.639999605715275
20:15:41.462375,108,2.1912971034587807,4.725814432419002,0.6780844350300776,0.27832000743364915,19.519999563694
20:15:41.462375,108,2.24025595195593,4.704411496805328,0.6838193343434167,0.27832000743364915,19.519999563694
20:15:41.462375,108,2.2639022199319014,4.697786382134282,0.45988347678526686,0.27832000743364915,12.879999712109566
20:15:41.462375,108,2.288990776734772,4.682536733059882,0.6896806596236307,0.5566400148672983,18.35999958962202
20:15:41.462375,108,2.3857688842604663,4.637380517969535,0.7017802309903352,0.5566400148672983,16.759999625384808
20:15:41.517618,109,1.9114145760277226,4.769804333415885,1.3111576792562236,0.6958000185841229,6.8799998462200165
20:15:41.517618,109,1.9347335020444558,4.827995118272391,1.3027539225222968,0.6958000185841229,14.239999681711197
20:15:41.517618,109,1.9651342366730618,4.848554967364111,1.0854040018680562,0.8349600223009475,18.639999583363533
20:15:41.517618,109,2.091889877761326,4.820915767784217,0.8751294716966009,0.8349600223009475,17.23999961465597
20:15:41.517618,109,2.167329907156611,4.802608221698362,0.6568527999218536,0.4872000130126253,11.999999731779099
20:15:41.571881,110,2.0069769958350956,4.867036122362472,1.2994813340799665,0.6958000185841229,7.1199998408555984
20:15:41.571881,110,2.1412623080358313,4.800471042753834,0.8806076192579682,0.8349600223009475,12.23999972641468
20:15:41.571881,110,2.167329907156611,4.802608221698362,0.6568527999218536,0.5566400148672983,17.639999605715275
20:15:41.571881,110,2.24253978885094,4.822088419718482,0.5940369831617465,0.6958000185841229,14.51999967545271
20:15:41.628169,111,0.07032313298705578,0.1854210787977072,2.1571072454882594,-2.0874000557523686,6.239999860525131
20:15:41.628169,111,1.9882610863569374,4.994226049839355,0.8326194054789322,0.7655200204462744,14.359999679028988
20:15:41.628169,111,2.039422741174769,4.974773669025011,0.8378316552089982,0.7655200204462744,16.99999962002039
20:15:41.628169,111,2.0663443578393728,4.897855331461354,0.856477719692817,0.6958000185841229,17.879999600350857
20:15:41.628169,111,2.0909032291355887,4.9418240551352035,0.7897305542330442,0.7655200204462744,19.519999563694
20:15:41.628169,111,2.1165095055732817,4.8776535306929665,0.8618907758943608,0.6958000185841229,19.519999563694
20:15:41.628169,111,2.141985899147166,4.879407373629141,0.6356197278955129,0.5566400148672983,21.519999518990517
20:15:41.628169,111,2.1412623080358313,4.800471042753834,0.8806076192579682,0.6263600167294499,10.119999773800373
20:15:41.628169,111,2.167329907156611,4.802608221698362,0.6568527999218536,0.6958000185841229,20.239999547600746
20:15:41.628169,111,2.192540687226064,4.8584730437714505,0.6412290646749677,0.7655200204462744,22.639999493956566
20:15:41.628169,111,2.217751467295518,4.91433786584454,0.6256053294280817,0.7655200204462744,10.639999762177467
20:15:41.628169,111,2.2428762230731527,4.837051447016575,0.6469689642260219,0.7655200204462744,22.359999500215054
20:15:41.628169,111,2.2666217125664736,4.759778111155783,0.6683290934534734,0.6958000185841229,19.119999572634697
20:15:41.628169,111,2.292987473177017,4.815144725506239,0.6528388525635296,0.6958000185841229,20.87999953329563
20:15:41.628169,111,2.3428694264546306,4.792755069894245,0.6588381427035745,0.6958000185841229,18.519999586045742
20:15:41.628169,111,2.441925513345259,4.746535960221597,0.6712225158152458,0.6958000185841229,15.999999642372131
20:15:41.682142,112,1.9316659961662603,4.963275364231386,1.2808825240163146,0.6263600167294499,6.239999860525131
20:15:41.682142,112,1.954399935647586,5.02168856919722,1.2724191699937129,0.6263600167294499,9.63999978452921
20:15:41.682142,112,2.035344031703887,5.021782853836967,1.052727558515479,0.6263600167294499,10.359999768435955
20:15:41.682142,112,2.0628729049486734,5.031975765932857,0.8244685414866819,0.6263600167294499,7.35999983549118
20:15:41.736610,113,1.954399935647586,5.02168856919722,1.2724191699937129,0.5566400148672983,8.51999980956316
20:15:41.736610,113,2.086199833926156,5.001877160080864,1.058061273082208,0.5566400148672983,11.879999734461308
20:15:41.736610,113,2.1101878609217164,5.059390904638445,1.0472304546524396,0.5566400148672983,7.639999829232693
20:15:41.736610,113,0.09779219122892266,0.11440583281793343,1.7966357975640508,-4.174800111504737,5.239999882876873
20:15:41.791604,114,1.9215893675960811,4.99334592257173,1.4934858283578816,0.8349600223009475,5.519999876618385
20:15:41.791604,114,1.9470458338969712,5.045262950202578,1.4336579278602275,0.8349600223009475,11.879999734461308
20:15:41.791604,114,2.078681737872322,5.040924298641568,1.274453388898583,0.8349600223009475,12.23999972641468
20:15:41.791604,114,2.1614174081110953,5.038760463933592,1.052758364578803,0.41748001115047373,7.1199998408555984
20:15:41.852061,115,1.7624644095929471,5.182933987864355,1.4622566418464031,0.6958000185841229,12.519999720156193
20:15:41.852061,115,1.7929743017331405,5.106264656625825,1.4730147359968715,0.6958000185841229,14.759999670088291
20:15:41.852061,115,1.8138305085533009,5.165661666194852,1.4668847464891575,0.6958000185841229,15.87999964505434
20:15:41.852061,115,1.843570475167832,5.088701348064925,1.4777208103421833,0.6958000185841229,17.999999597668648
20:15:41.852061,115,1.8650152259824277,5.147894057998737,1.471645562756739,0.6958000185841229,20.239999547600746
20:15:41.852061,115,1.8864599767970238,5.20708676793255,1.465570315171294,0.41748001115047373,14.999999664723873
20:15:41.852061,115,1.8939822930995511,5.070650204312015,1.4825575997332336,0.41748001115047373,21.87999951094389
20:15:41.852061,115,1.916013443451468,5.129632940021944,1.4765386145715098,0.41748001115047373,26.119999416172504
20:15:41.852061,115,1.948207511986384,5.157582877212572,1.2503832340556273,0.3480400092958007,18.11999959498644
20:15:41.852061,115,1.9470458338969712,5.045262950202578,1.4336579278602275,0.41748001115047373,26.119999416172504
20:15:41.852061,115,1.9668200611814008,5.1108801383609705,1.481563412632389,0.41748001115047373,33.519999250769615
20:15:41.852061,115,1.9998678146102382,5.138514979128888,1.2554924619485093,0.4872000130126253,21.7599995136261
20:15:41.852061,115,2.0046902800946556,5.002567472841909,1.2775426523205162,0.6958000185841229,29.879999332129955
20:15:41.852061,115,2.028009206111389,5.060758257698415,1.2691388955865888,0.6958000185841229,41.23999907821417
20:15:41.852061,115,2.051328132128122,5.118949042554921,1.2607351388526624,0.4872000130126253,25.239999435842037
20:15:41.852061,115,2.0547801571932465,4.982961573215203,1.2827960372923777,0.4872000130126253,31.999999284744263
20:15:41.852061,115,2.078681737872322,5.040924298641568,1.274453388898583,0.4872000130126253,46.879998952150345
20:15:41.852061,115,2.1025833185513974,5.098887024067934,1.266110740504789,0.4872000130126253,28.11999937146902
20:15:41.852061,115,2.08018271279424,4.905143781409474,1.296458834688189,0.41748001115047373,8.639999806880951
20:15:41.852061,115,2.1046645579976144,4.962872830890638,1.2881787995752016,0.4872000130126253,31.75999929010868
20:15:41.852061,115,2.129146403200989,5.020601880371802,1.2798987644622142,0.4872000130126253,47.51999893784523
20:15:41.852061,115,2.1536282484043636,5.078330929852967,1.2716187293492274,0.4872000130126253,29.11999934911728
20:15:41.852061,115,2.154338494109473,4.9423032547256165,1.2936904008972696,0.4872000130126253,29.11999934911728
20:15:41.852061,115,2.1793981556731374,4.999793035113918,1.2854744777444886,0.4872000130126253,42.63999904692173
20:15:41.852061,115,2.2044578172368015,5.057282815502221,1.2772585545917077,0.4872000130126253,28.11999937146902
20:15:41.852061,115,2.237581111752993,5.074675312563602,1.0477149528702308,0.3480400092958007,8.639999806880951
20:15:41.852061,115,2.2037969981768266,4.921254901660521,1.2993302901030672,0.4872000130126253,25.239999435842037
20:15:41.852061,115,2.2294319701556193,4.978499843735008,1.2911799711787486,0.4872000130126253,35.11999921500683
20:15:41.852061,115,2.2550669421344116,5.035744785809497,1.2830296522544307,0.4872000130126253,25.359999433159828
20:15:41.852061,115,2.3020479489797405,4.8777303317676095,1.3109926634567848,0.4872000130126253,21.119999527931213
20:15:41.852061,115,2.3288257940874133,4.9344689880405825,1.3029780034041214,0.4872000130126253,27.87999937683344
20:15:41.852061,115,2.355603639195085,4.991207644313558,1.294963343351458,0.4872000130126253,21.87999951094389
20:15:41.852061,115,2.350830570702535,4.855258467360315,1.317013981377141,0.4872000130126253,17.519999608397484
20:15:41.852061,115,2.3781758642376034,4.911735726773748,1.3090693624018956,0.4872000130126253,21.7599995136261
20:15:41.852061,115,2.405521157772672,4.968212986187181,1.3011247434266504,0.4872000130126253,18.35999958962202
20:15:41.852061,115,2.427288118793808,4.888526925042946,1.315288142082958,0.4872000130126253,17.11999961733818
20:15:41.852061,115,2.464077992276474,4.904683677483349,1.0886841312319058,0.3480400092958007,15.239999659359455
20:15:41.902174,116,2.078681737872322,5.040924298641568,1.274453388898583,0.27832000743364915,11.119999751448631
20:15:41.902174,116,2.186976635700879,5.109331723801389,0.5118373994590042,0.20888000557897612,5.359999880194664
20:15:41.902174,116,2.1614174081110953,5.038760463933592,1.052758364578803,0.27832000743364915,13.35999970138073
20:15:41.902174,116,2.237581111752993,5.074675312563602,1.0477149528702308,0.27832000743364915,8.239999815821648
20:15:41.958457,117,1.7827299868154627,5.2425296020501335,1.4560734363920171,0.5566400148672983,18.639999583363533
20:15:41.958457,117,1.84430763485044,5.194216980807857,1.2405671555818325,0.5566400148672983,21.99999950826168
20:15:41.958457,117,1.8963523902435413,5.176150830032136,1.2454079660925257,0.5566400148672983,25.63999942690134
20:15:41.958457,117,1.948207511986384,5.157582877212572,1.2503832340556273,0.5566400148672983,28.879999354481697
20:15:41.958457,117,1.9998678146102382,5.138514979128888,1.2554924619485093,0.5566400148672983,31.119999304413795
20:15:41.958457,117,2.0046902800946556,5.002567472841909,1.2775426523205162,0.5566400148672983,6.6399998515844345
20:15:41.958457,117,2.028009206111389,5.060758257698415,1.2691388955865888,0.5566400148672983,22.639999493956566
20:15:41.958457,117,2.051328132128122,5.118949042554921,1.2607351388526624,0.5566400148672983,31.75999929010868
20:15:41.958457,117,2.0746470581448553,5.177139827411427,1.2523313821187352,0.5566400148672983,18.519999586045742
20:15:41.958457,117,2.1025833185513974,5.098887024067934,1.266110740504789,0.5566400148672983,30.51999931782484
20:15:41.958457,117,2.1581639149128375,5.174418393753607,1.0255688177929023,0.20888000557897612,5.239999882876873
20:15:41.958457,117,2.1536282484043636,5.078330929852967,1.2716187293492274,0.5566400148672983,27.759999379515648
20:15:41.958457,117,2.2044578172368015,5.057282815502221,1.2772585545917077,0.5566400148672983,24.23999945819378
20:15:41.958457,117,2.2574447753890365,5.026566661418978,1.2282036374525998,0.20888000557897612,20.63999953866005
20:15:42.012248,118,0.014230639111626638,0.2179698664486369,2.127654347013202,-3.33984008920379,5.639999873936176
20:15:42.012248,118,2.1536282484043636,5.078330929852967,1.2716187293492274,0.20888000557897612,18.23999959230423
20:15:42.012248,118,2.185987798309339,5.096039687395815,1.0419903858871438,0.20888000557897612,14.999999664723873
20:15:42.012248,118,2.2149880168211054,5.104604582327966,0.8089359926853996,0.20888000557897612,6.359999857842922
20:15:42.012248,118,2.1793981556731374,4.999793035113918,1.2854744777444886,0.20888000557897612,10.239999771118164
20:15:42.066818,119,2.2044578172368015,5.057282815502221,1.2772585545917077,0.27832000743364915,4.999999888241291
20:15:42.066818,119,2.237581111752993,5.074675312563602,1.0477149528702308,0.27832000743364915,5.359999880194664
20:15:42.176782,121,2.133130707876023,5.2033559614117,0.784432018951047,0.06972000186215155,5.759999871253967
20:15:42.176782,121,2.134175887917277,5.116904649196026,1.0363996362226708,0.27832000743364915,11.239999748766422
20:15:42.176782,121,2.1581639149128375,5.174418393753607,1.0255688177929023,0.27832000743364915,8.759999804198742
20:15:42.176782,121,2.1558991206217124,5.069197710005015,1.2167806824114793,0.27832000743364915,6.8799998462200165
20:15:42.230687,122,2.343165317126474,6.00363580740427,1.0644052801315098,0.13916000371682458,5.639999873936176
20:15:42.230687,122,2.37197909806862,6.0261576104567585,0.8614289791262952,0.06972000186215155,7.639999829232693
20:15:42.230687,122,2.134175887917277,5.116904649196026,1.0363996362226708,0.27832000743364915,10.759999759495258
20:15:42.230687,122,2.162488748190336,5.1257463473436005,0.8032710738228921,0.3480400092958007,12.639999717473984
20:15:42.230687,122,2.517794691174343,6.03666990801015,0.8631921604643933,0.06972000186215155,6.359999857842922
20:15:42.230687,122,2.2395103338511957,5.161118085304272,0.7957496237440378,0.20888000557897612,8.359999813139439
20:15:42.286062,123,2.37197909806862,6.0261576104567585,0.8614289791262952,0.06972000186215155,8.639999806880951
20:15:42.286062,123,2.411180246318693,5.932183539411334,0.8147521922919767,0.06972000186215155,6.239999860525131
20:15:42.286062,123,2.1864298414397854,5.182493912563292,0.7900219880924364,0.20888000557897612,6.11999986320734
20:15:42.286062,123,2.51136654134405,6.072923609600141,1.0589140973378612,0.06972000186215155,5.879999868571758
20:15:42.286062,123,2.2105581885075822,5.153318910858036,1.0312224071954847,0.20888000557897612,6.6399998515844345
20:15:42.286062,123,2.2623183557692217,5.093316277254496,0.3342783144784356,0.27832000743364915,5.359999880194664
20:15:42.286062,123,2.2318683716736687,5.105513105873906,1.213587215340625,0.06972000186215155,6.5199998542666435
20:15:42.395043,125,2.2395103338511957,5.161118085304272,0.7957496237440378,0.41748001115047373,5.639999873936176
20:15:42.395043,125,2.264696187592721,5.204099374584529,0.7259966036290697,0.41748001115047373,6.359999857842922
20:15:42.449553,126,2.21135044968358,5.379696052738575,-0.05816653200919591,0.4872000130126253,6.239999860525131
20:15:42.449553,126,2.1804067804670257,5.157147130517092,0.5617876079942952,0.06972000186215155,8.359999813139439
20:15:42.449553,126,2.204914440312339,5.215113198490828,0.5681020717564594,0.06972000186215155,6.5199998542666435
20:15:42.505847,127,2.370773429920191,5.1730846279469604,0.7945073402562446,0.20888000557897612,7.519999831914902
20:15:42.505847,127,2.3447807381181227,4.982152627230342,0.8397827532159128,0.13916000371682458,12.759999714791775
20:15:42.505847,127,2.3711359527764317,5.038151766005465,0.8267419711537878,0.13916000371682458,24.119999460875988
20:15:42.505847,127,2.3973869966258152,5.093929564311122,0.8137527336847938,0.13916000371682458,20.239999547600746
20:15:42.505847,127,2.422717958432741,5.014999037081775,0.832945726171467,0.13916000371682458,23.519999474287033
20:15:42.505847,127,2.525781529762921,4.953712453151202,0.7904736788691782,0.13916000371682458,21.99999950826168
20:15:42.505847,127,2.576634063367797,4.929069473354188,0.7970767454048846,0.13916000371682458,19.879999555647373
20:15:42.560936,128,2.2877822962318795,5.263732399721009,0.40241618229023063,0.06972000186215155,5.239999882876873
20:15:42.560936,128,2.3146783565182907,5.183208045676803,0.3980097827970031,0.13916000371682458,6.359999857842922
20:15:42.560936,128,3.2162715285285257,5.13003270304747,0.4245356083177418,0.06972000186215155,6.5199998542666435
20:15:42.560936,128,3.3014583266177073,5.150733854862985,0.428959493523244,0.06972000186215155,7.879999823868275
20:15:42.560936,128,3.4900977915455904,5.10146194361758,0.4333833787287462,0.06972000186215155,4.999999888241291
20:15:42.663283,129,2.3663938390046853,5.159802490175728,0.3980097827970031,-0.06972000186215155,6.5199998542666435
20:15:42.663283,129,2.3925923825170825,5.216927093792469,0.40241618229023063,-0.06972000186215155,5.999999865889549
20:15:42.663283,129,3.8320996120427147,5.978608013258529,0.7843110901240172,-0.13916000371682458,5.239999882876873
20:15:42.707259,130,2.2889506689601182,5.125596603995219,0.39358589759150087,0.06972000186215155,9.999999776482582
20:15:42.707259,130,2.3146783565182907,5.183208045676803,0.3980097827970031,0.06972000186215155,12.23999972641468
20:15:42.707259,130,2.3403043536118067,5.240591774150161,0.40241618229023063,0.20888000557897612,7.759999826550484
